,sepal_length,sepal_length,sepal_width,sepal_width,petal_length,petal_length,petal_width,petal_width
,mean,std,mean,std,mean,std,mean,std
species,,,,,,,,
Iris-setosa,5.006,0.3524896872134513,3.418,0.38102439795469095,1.464,0.1735111594364455,0.24400000000000002,0.1072095030816784
Iris-versicolor,5.936,0.5161711470638635,2.77,0.3137983233784114,4.26,0.46991097723995784,1.3259999999999998,0.19775268000454407
Iris-virginica,6.587999999999999,0.635879593274432,2.9739999999999998,0.3224966381726375,5.5520000000000005,0.5518946956639835,2.026,0.27465005563666745
